Name,Transmitter Code,Territory,Primary IPI Name Number,Start Date,End Date
ALL RECIPIENTS,0000,,,,
13 Music Limited,THI,,605207681,26/08/2010,
1830 Music,DUC,,443889221,13/12/2016,
22d Music Netherlands,DNM,,659908195,26/10/2012,
22D MUSIC US1,TTD,,639938883,02/03/2015,
411 Publishing Co 10,FCM,,700548571,14/02/2017,
411 Publishing Company 20,FCM,,701691267,14/02/2017,
411 Publishing Company 20,FOO,,701691267,11/04/2016,
4AD Music Limited,4AD,,293165943,15/03/2010,
A AND E TELEVISION NETWORKS,AE,,571046465,26/02/2009,
AACIMH,226,Honduras,,,
ABOOD MUSIC LIMITED,ABO,,420344502,31/03/2009,
ABRAC,166,Brazil,,,
ABRAMUS,167,Brazil,,,
ACAM,107,Costa Rica,,,
ACCESS,168,Canada (Formerly CANCOPY),,,
Accorder Music Publishing America,ACC,,606033489,05/09/2013,
Accorder Music Publishing Ltd,ACC,,574766600,31/01/2013,
ACDAM,103,Cuba,,,
ACEMLA,76,Puerto Rico,,,
ACTIVE MUSIC PUBLISHING PTY L,ACT,,632147961,16/11/2016,
ACUM,1,Israel,,,
ADAGP,148,France,,,
ADAVIS,230,Cuba,,,
ADDAF,2,Brazil,,,
AEPI,3,Greece,,,
AETN MUSIC PUBLISHING,AE,,439458227,26/02/2009,
AETN UK MUSIC PUBLISHING,AE,,563705052,26/02/2009,
Africori Limited,AFR,,766878371,24/11/2015,
AFSG,MLG,,499371105,07/08/2014,
AGADU,4,Uruguay,,,
AGAYC,114,Guatemala,,,
AIR EDEL ASSOCIATES LTD,AAL,,69817433,07/01/2009,
AIRSTATE LTD,AIR,,538752522,01/04/2008,
AKKA/LAA,122,Latvia,,,
AKM,5,Austria,,,
ALBAUTOR,127,Albania,,,
ALCS,54,United Kingdom,,,
Alibi Music Library Limited,AML,,747633515,13/08/2014,
All Music Publishing,ALL,,245975824,07/12/2016,
Allforone Music Sarl,ALF,,658100360,08/04/2013,
Alliance Audiosparx,AX,,571922832,19/04/2011,
Almo Music Corporation,AM,,649518,30/03/2001,10/02/2006
Almo Music of Canada,AC,,201723811,01/08/2001,10/02/2006
Alpha Music Publishing Uk Limited,ALP,,623117288,08/11/2010,
Altitude Balloon,AB,,722094072,06/11/2013,
Alvaro Music Bv,ALV,,756126240,03/11/2015,
AMAR,30,Brazil,,,
AMCOS,12,Australia,,,
AME MUSIKVERLAG EDWARD KASSNER GMBH,AME,,803150,01/04/2008,
AMPAL,162,Australia,,,
AMRA,17,USA,,,
A-music eurl,AUN,,662273543,16/11/2016,
ANACIM,169,Brazil,,,
Annie Reed Music Ltd,ARM,,500843097,25/01/2013,
Another Victory Inc,AVI,,344251975,12/06/2014,
APA,15,Paraguay,,,
APDAYC,7,Peru,,,
APG-JAPAN,163,Japan,,,
Apollo Music,APL,,221836292,27/05/2016,
Aporai Records Inc,APO,,500838968,08/05/2015,
Aporetic Music Publishing,APO,,538783703,08/05/2015,
APRA,8,Australia,,,
APSAV,164,Peru,,,
Arcadia (Msi),ARC,,145452678,19/04/2011,
Arcadia Entertainment Muzik Ve Belgesel Pazarlama Ltd Sti,AEM,,606880144,28/12/2010,
ARGENTORES,14,Argentina,,,
ARMAUTHOR,170,Armenia,,,
ARS,149,USA,,,
ARTISJUS,9,Hungary,,,
ASCAP,10,USA,,,
ASDAC,171,Moldova - Republic Of,,,
ASSIM,172,Brazil,,,
Associated Production Music,AP,,125420903,20/08/2003,
At Publishing,ATP,,292124184,11/04/2017,
ATIDA,173,Brazil,,,
Atlas Music Group,AMG,,723469435,25/11/2013,
ATN,141,Chile (formerly known as GESATCH),,,
ATN,174,Chile,,,
Audio Network (Holland) B.V.,AUN,,606242674,22/09/2014,
Audio Network Gmbh,AUN,,796038501,12/04/2017,
Audio Network Plc,AUN,,400327711,05/10/2010,
Audiomicro Publishing,AUM,,558005946,06/08/2014,
AUSTRO-MECHANA,11,Austria,,,
AUTORARTE,175,Venezuela,,,
AUTVIS,231,Brazil,,,
Avenue Editorial Suisse,AVE,,457759896,08/04/2013,
AWA,13,German Dem Rep,,,
AWGACS,176,Australia,,,
BAD BOYS PRODUCTIONS MUSIC BV,EXT,,454570744,01/11/2006,
Bailer Music Publishing Limited,BAI,,786304125,10/11/2015,16/02/2016
Bailer Music Publishing Limited,BMP,,786304125,16/02/2016,
Bailers Music Publishing,BMP,,761912729,01/07/2015,
BAYHAM MUSIC LIBRARY,EXT,,358038941,01/11/2006,
BBDA,45,Burkina Faso,,,
BCDA,47,Congo,,,
Because Editions,BEC,,470529551,16/11/2016,
BEELDRECHT,150,Netherlands,,,
Belletulipe Sa,BLT,,42006925,08/04/2013,
Bennett Coleman And Co Ltd,TIM,,480224672,28/11/2016,
BGDA,18,Guinea,,,
Big Branch Music Inc,BBM,,812741653,08/03/2017,
Big Music Machine,BGM,,598230813,19/11/2013,
BILD-KUNST,132,German Federal Republic,,,
Bixio Music Group Ltd,BIX,,335716364,12/12/2008,
BLOC NOTES ED,BN,,138210895,26/01/2005,
BLUE MOUNTAIN MUSIC LTD,BMM,,3429518,10/01/2008,
BLUEWATER MUSIC CORP,BMC,,161970171,09/06/2008,
BMDA,19,Morocco,,,
BMG,BG,,127696446,,
BMG RIGHTS MANAGEMENT GMBH,BRM,,567521924,21/11/2008,
BMI,21,USA,,,
BNDA,125,Niger,,,
Bno Publishing,BNO,,615006785,13/07/2016,
Bonnier Music Publishing,BON,,282451467,14/01/2004,
BONO,151,Norway,,,
Boom Sky Trade Pty Ltd,AFR,,726215459,21/01/2016,
Boosey And Hawkes,IMA,,69676520,22/10/2012,
Boosey And Hawkes Inc,BHI,,39985231,17/11/2009,
Boosey-And-Hawkes-Music-Publ- Ltd,BHM,,3696688,05/10/2010,
BOTE BOCK DER BOOSEY HAWKES BOTE BOCK GMBH CO EDITION,GBH,,400153721,01/12/2011,
Bridge Building Music Inc,BB,,48748541,19/07/2000,
Broon Songs Gmbh & Co. Kg,BS,,765101164,06/07/2015,
BSDA,25,Senegal,,,
BUBEDRA,37,Benin,,,
Bucks Music Italia Srl,BUX,,123582589,04/01/2010,
Bucks Music Limited,BK,,55248283,19/07/2004,
BUCUDA,6,Central Afr Rep,,,
Budde Music Scandinavia,BUD,,624652550,18/01/2011,
Budde Music Uk,BUD,,567790301,18/01/2011,
Bug Music B V,BL,,204488674,09/02/2009,
BUG MUSIC BENELUX B.V.,BL,,571724052,09/02/2009,
BUG MUSIC BENELUX TQ,BL,,571724150,09/02/2009,
BUG MUSIC BENELUX WINDSWEPT,BL,,572102286,09/02/2009,
BUG MUSIC LIMITED,BL,,176871136,17/02/2003,
"BUG MUSIC, INC. ",BU,,36210128,17/08/1999,
BUMA,23,Netherlands,,,
BUMDA,16,Mali,,,
BURAFO,177,Netherlands,,,
BURIDA,24,Ivory Coast,,,
BUS,152,Sweden,,,
Business Nieuws Holding Bv,BNH,,637426829,03/11/2015,
BUTODRA,130,Togo,,,
C2w Music Ltd,CWW,,698695161,12/04/2013,
Cafe' Concerto International S,CIN,,583260740,27/01/2017,
Cafe' Concerto Italia Ed Mus,CIT,,423433979,27/01/2017,
Cafe Concerto S R L,CAF,,184962039,22/04/2010,
CAL,178,Australia,,,
Cam Cine TV Music Inc,CC,,52018026,09/12/1999,
Campbell Connelly Holland Bv,CCH,,271288359,24/02/2015,
Candid Music Publishing Limited,CAN,,473087148,28/03/2011,
CAPAC,27,Canada,,,
Care Bears Music,RMW,,201708118,19/04/2011,
Carlin Music Corp,CAR,,5223240,24/09/2013,
Carthage Music Limited,CTH,,416253970,03/05/2017,
Casablanca Media Publishing Inc,CMP,,296767105,18/03/2005,
CASH,26,Hong Kong,,,
Cavendish-Music-Co-Ltd,CAV,,5637400,16/02/2017,
CCL,306,Trinidad And Tobago,,,
Ccs Rights Management Corp I,CCS,,662121476,12/07/2012,
Ceg Rights B.V.,CEG,,705206186,25/02/2014,
Ceg Rights Usa,AAL,,711581465,17/12/2013,
Centricity Music Publishing,CEN,,468824412,11/10/2012,
Centricity Songs,CEN,,532282865,15/11/2012,
Cezame Music Uk Limited,CEZ,,659512324,01/06/2015,
CHA,108,Taiwan,,,
Cherry Lane,CH,,6014735,29/09/1999,
Chrysalis Music,CHR,,128481959,19/04/2011,
CHRYSALIS MUSIC LTD,CHR,,39991729,11/11/2004,
Chrysalis One Music,CHO,,615824351,19/04/2011,
Chrysalis One Publishing Uk Ltd,CHO,,616432171,06/09/2010,
Chrysalis One Sweden,CHO,,616928132,06/09/2010,
CHRYSALIS SONGS BENELUX,CHR,,590664327,10/12/2009,
Cloud 9 Holland Music Publishing,CL9,,466551142,17/02/2015,
CMRRA,88,Canada,,,
CODISCOS S A,CDC,,478650219,26/04/2010,
COLLECT MUSIC PUBLISHERS BV,COL,,483715826,17/04/2007,
Compact Collections Ltd,COM,,600865859,04/01/2016,
Compact Music Services Ltd,CMS,,646140069,20/01/2016,
COMPASS,106,Singapore,,,
Conexion Media Group Inc,CMI,,627689894,26/02/2014,
Conexion Media Group Inc,CON,,627689894,04/04/2012,
Conexion Music Limited,CMI,,584135442,19/06/2014,
Conexion Music Limited,CON,,584135442,27/02/2014,
Cooking Vinyl Publishing,CVP,,630343877,04/09/2013,
COPY-DAN BILLEDKUNST,139,Denmark,,,
Copyright Administration Services Limited,CAS,,502643585,10/10/2011,
Copyright Power International B V,CPI,,503060215,15/07/2010,
Copyright.Net,CN,,204966565,30/01/2000,
COPYRO,179,Romania,,,
Corbeau Publishing Scandinavia Ab,COR,,267803837,29/04/2010,
Cordova Bay Mus Pubg Ii,CBE,,531881354,19/05/2015,
Cordova Bay Music Publishing,CBE,,279496894,19/05/2015,
COSCAP,180,Barbados,,,
COSGA,123,Ghana,,,
COSOMA,124,Malawi,,,
COSOTA,223,"Tanzania, United Republic Of ",,,
COTT,96,Trinidad & Tobago,,,
CP MASTERS BELGIUM,CPM,,563928515,14/10/2008,
Cp Masters Scandinavia,CPS,,601006421,13/08/2010,
CPSN,181,Nepal,,,
CREAIMAGEN,182,Chile,,,
Criskos Music,CRI,,827747797,14/02/2017,
CROSSROAD PUBLISHING,CRO,,427513762,20/02/2007,
CSCS,183,Canada,,,
CTM Entertainment Belgium,CTM,,753309443,17/10/2014,
CV America Music,CVA,,687177002,03/06/2014,
DACS,153,United Kingdom,,,
DALRO,142,South Africa,,,
Dan Hodges Publishing Llc,DHM,,554652439,22/10/2009,
David Media,DAV,,250568078,09/07/2012,
Deep East Music Ltd,DEM,,532423974,25/02/2013,
Defensive Music Ltd,DEF,,649703812,24/05/2012,
Dennis Music International Ltd,DEN,,40105935,04/08/2010,
Dennis Music Limited (Gb),DML,,249145656,04/08/2010,
DGA,184,United States,,,
DiPiuSRL,DP,,161589356,04/01/2010,
DILIA,31,Czech Republic,,,
DIRECTORES,185,Mexico,,,
Discovering Arts Music Group Edition,ART,,682686891,29/08/2012,
Discovery Trademark Holding,DSC,,402357001,19/04/2011,
DISCOVERY TRADEMARK HOLDING COMPANY INC,DT,,402357001,22/08/2008,
District 6 Music Publishing Limited,D6M,,615325863,06/12/2013,
District 6 Music Publishing Limited,EPM,,615325863,07/09/2010,12/05/2013
DIVA,310,Hong Kong,,,
Dj Publishing,DJP,,472380650,05/08/2015,
Dna Musik Gmbh,DNA,,601961958,13/05/2013,
Dne Music Publishing Limited,DM,,507134091,03/08/2010,
Do Diese Editions,DOD,,148960539,08/04/2013,
DOMINO PUBLISHING COMPANY LIMITED,DOM,,480281853,12/02/2009,
DOMINO PUBLISHING COMPANY SCANDINAVIA,DOM,,556729609,05/03/2009,
Doorn Music Publishing,DO,,662295823,30/01/2015,
Downtown Dlj Songs,DOW,,647171538,06/03/2012,
Downtown Dmp Songs,DOW,,508176945,21/06/2011,
Downtown Music Benelux,DTN,,747639598,24/11/2014,
Downtown Music Uk Limited,EIM,,808728415,12/10/2011,
DP,0,Public Domain,,,
DPRS,145,United Kingdom,,,
DRCC,186,Canada,,,
Dreamer Music Publishing Cc,DMP,,573663228,12/10/2012,
DUCHAMP INCD/B/A,DUC,,627938311,13/12/2016,
E T Music Publishing,ETM,,455793515,14/06/2016,
Easy Tempo Europe Sl,ETE,,688921389,21/02/2014,
Easy Tempo Too,ETT,,671667024,18/10/2013,
Eaton Music Ltd,EAT,,86203875,07/05/2010,
EAU,116,Estonia,,,
ECAD,308,Brazil,,,
Edition Bjorlund,EDB,,645926025,29/11/2016,
Editions Img Liechti Et Cie,IMG,,458511349,12/04/2012,
EDITORA COMPANIA COLOMBIANA DE DISCOS S A,CDC,,478650121,26/04/2010,
Editorial Avenue,EDA,,291278447,28/10/2013,
EMI,EMI,,223437493,10/09/2002,
EMI CHRISTIAN MUSIC PUBLISHING,EMC,,257557533,06/07/2007,
Emi Music Publishing Italia Srl,EMI,,241326402,04/01/2010,
EMI MUSIC PUBLISHING LTD,EMI,,223437493,10/09/2002,
Emp Elements Music Publishing,EMO,,738771798,30/05/2016,
Encore Merci,ECM,,149762733,07/07/2015,
ENDEMOL MUSIC NEDERLAND,END,,506141788,10/11/2006,
Engine Co 35 Music Publishing,FIV,,405227591,30/06/2011,
Ep Music Limited,EPM,,528966898,07/09/2010,
Epm Electronic,EP,,771394910,08/09/2016,
Epm Music Usa,EP,,767119320,08/09/2016,
Epm Online,EP,,600428984,08/09/2016,
ESCAPE THE ORDINARY MUSIC,AE,,438585813,26/02/2009,
European Media Support (Ems) Bv,EMS,,267602262,03/11/2015,
Exhibeo North America,EXH,,757578975,14/10/2015,
Exhibeo Publishing,EXH,,759822101,17/03/2015,
Extrapolate Music,USE,,702487159,12/01/2017,
EXTREME AUSTRALIA PTY LTD,EXT,,400308324,01/11/2006,
EXTREME PRODUCTION MUSIC USA,EXT,,345600874,01/11/2006,
Face Three Music,TSM,,591229440,09/03/2011,
Faircloud Music,FCM,,701162889,14/02/2017,
Fairwood Music (Germany) Gmbh,FMG,,471891918,16/04/2010,
Fairwood Music Italia Srl,FWI,,493749994,04/01/2010,
Fairwood Music Ltd,FWD,,159896501,21/06/2012,
Famous Music Corporation,FA,,9740391,07/03/2000,
Fanfan Music Liechti & Cie,FAN,,692114744,08/04/2013,
Farrell Music Limited,FAR,,593191135,42011,
Fc Walvisch Bv,FCW,,284426746,03/11/2015,
FILMAUTOR,147,Bulgaria,,,
FILSCAP,32,Philippines,,,
Final Cue Music Library,FCU,,774969176,13/07/2015,
Final Mix Online Cc,FMO,,538273242,10/03/2015,
FINTAGE PUBLISHING AND COLLECTION B.V.,FIN,,274063276,10/11/2006,
FIREWORKS MUSIC LTD,FWM,,122369494,03/07/2009,
Firstcom,FC,,126621002,,
Firstworks Music International Limited,FMI,,642290754,28/11/2012,
FLIM JUS,187,Hungary,,,
Fm Entretenimiento Sas,FME,,230301732,14/06/2016,
FONOPERU,188,Peru,,,
FOX,FX,,214142125,22/05/2000,
Fox Fuse Llc,FXF,,719754802,14/04/2016,
Frederic Leibovitz Editeur,FLE,,146928641,15/11/2011,
Freibank Musikverlage Mark Chung E. K.,FBM,,216373875,20/06/2012,
Frog Music,FRM,,245694050,23/05/2017,
G 7 Music,G7M,,286256634,30/10/2015,
Galileo Music Communication G,GbhMC,,530120615,21/10/2013,
Galleryac Music,ACM,,600491389,24/04/2017,
Gelfand Rennert & Feldman Publishing,GRF,,784585977,24/09/2015,
GEMA,35,German Fed Rep,,,
Georgia Tunes,RMW,,557257230,26/01/2010,
Gerard Et Jerome Music,GJM,,621722085,03/11/2015,
GESAC,301,Belgium,,,
GESTOR,232,Czech Republic,,,
GIA Publications Inc.,GP,,249800554,03/05/2000,
Gismonti Edition,GIS,,54166194,08/04/2013,
Gl Music A/S,GLM,,616058067,42559,
Global Entertainment Songs,GTP,,768972274,23/11/2015,
Global Talent Publishing,GTP,,154214697,23/11/2015,
Good Sounds Amsterdam Publishing Bv,GSA,,541906163,03/11/2015,
Good-Tunes-Music Ag,GOT,,62947262,08/04/2013,
Greengate Media,GGM,,590527731,05/04/2017,
GREENSLEEVES PUBLISHING LIMITED,GRE,,46955058,24/07/2009,
Grow Your Own Music,ASM,,468164333,19/04/2011,
HAA,144,Croatia,,,
Hacate Scandinavia,HAC,,750128760,24/11/2014,
HANS KUSTERS MUSIC,HKM,,48155968,09/10/2008,
Harry Fox,HF,,,,
HARRY FOX AGENCY,34,USA,,,
Have We Got Music For You,HWG,,478853791,17/04/2017,
HDS-ZAMP,111,Croatia,,,
High Fashion Music Bv,HFM,,254462469,25/03/2015,
Hillsong Music Publishing Uk,HSP,,664621047,04/03/2015,
HILLSONG PUBLISHING,HSP,,268140271,03/03/2008,
HMS,189,Saint Lucia,,,
Hodges House Of Songwriters,DHP,,575114258,22/02/2017,
HORNALL BROTHERS MUSIC,HB,,261774357,,
Horus Music,HM,,509033087,21/05/2015,
Hot Streak Music B.V.,HOT,,680144065,25/07/2012,
House Of Global Entertainment,GTP,,769033519,23/11/2015,
HTE,HTE,,511290887,16/11/2016,
HTV MUSIC,AE,,451851458,26/02/2009,
HUNGART,154,Hungary,,,
ICG,229,United States,,,
ICE,319,,,,
IDM MUSIC LTD,IDM,,346234962,12/12/2008,
IMJV,305,Netherlands,,,
IMRAS,IM,,445728241,14/11/2003,
IMRO,128,Ireland,,,
Ingrooves,IMP,,438087734,06/05/2015,
International-Universal Muzik Taksim Edisyon A S,UMT,,571318946,06/07/2010,
Intervox Production Music Publishing Gmbh,IVX,,547358327,23/08/2012,
Interzone Music Publishing Ltd,INT,,264311588,26/06/2012,
IPRS,36,India,,,
JACAP,190,Jamaica,,,
JACK RUSSELL MUSIC LIMITED,JRM,,519369427,22/04/2009,
JANMAR MUSIC,JAN,,48696434,,
JASRAC,38,Japan,,,
Jingle Punks Music,JPM,,568648100,11/07/2012,
Jrm Music,MGT,,129857241,18/12/2009,
JUST TOM,MLG,,536109367,07/08/2014,
KALAN MUZIK FILM VE YAYIM LI,KITAELD SIRKETI,,791604721,15/11/2016,
KASSNER ASSOCIATED PUBLISHERS LIMITED,KAP,,425343968,23/09/2005,
KAZAK,191,Kazakhstan,,,
KCI,109,Indonesia,,,
Keep Clear Music Limited,KCM,,750546346,04/03/2015,
Kew Music B.V.,KEW,,131183510,31/07/2015,
Kingsway Music,KWM,,435348848,04/06/2012,
Know Your Rights,KYR,,795703992,22/03/2016,
Kobalt Music Publishing Italia,KOB,,456474529,04/01/2010,
KOBALT MUSIC PUBLISHING LTD (KMP),KOB,,296955301,05/09/2003,
Kobalt Songs Music Publishing,KM,,296955301,18/11/2003,
KODA,40,Denmark,,,
KOMCA,118,South Korea,,,
KOPIOSTO,138,Finland,,,
KOSA,192,Korea Republic Of,,,
KUVASTO,193,Finland,,,
KVN PUBLISHING PTY LTD,KVN,,782389399,15/11/2016,
KYRGYZPATENT,194,Kyrgyzstan,,,
LAA,113,Latvia,,,
LARRY SPIER INC,MLG,,496697575,07/08/2014,
LATGA-A,110,Lithuania,,,
LATINAUTOR,302,Uruguay,,,
LATINNET,309,Spain,,,
Le Grand Divertissement B.V.,LGD,,827030462,22/12/2016,
Les Editions Du 22 Decembre,22D,,450628759,04/11/2010,
LIONHEART MUSIC AB,LIO,,518001398,10/09/2007,
LIRA,120,Netherlands,,,
LITA,28,Slovakia,,,
LITERAR-MECHANA,41,Austria,,,
Little Assembly Limited,LAL,,836953301,19/05/2017,
Little Brother Music Inc,LBM,,817919111,03/03/2017,
London Publishing House,LPH,,47938051,12/07/2005,
Long Lunch Music Limited,SOH,,647055441,12/01/2012,
Lorenz Corporation The,LOR,,130970590,13/08/2010,
LVG,42,Austria,,,
Lx-Editora-Lda,LXE,,257008183,01/07/2011,
Machiavelli Music Publishing,MMP,,460401791,11/04/2016,
Macloud Bv,MAC,,730990926,06/11/2015,
MACP,104,Malaysia,,,
Magic Arts Musikverlag Inh. Oliver Withoeft E.K.,MAG,,658143825,18/07/2013,
Magic Arts Publishing Ltd,MAG,,282862048,18/07/2013,
Magic Arts Publishing Usa,MAG,,333861660,18/07/2013,
Make Sense,MAK,,447654626,08/04/2013,
Maktub Music Publishing,TUB,,690862021,14/07/2016,
Map Catalogs,MSI,,610875064,22/04/2011,
Mars Music Ab,MAR,,586872783,28/09/2012,
Mars Music Scandinavia,MAR,,675558300,28/09/2012,
MASA,105,Mauritius,,,
Massive Publishing Bv,MSV,,471454847,29/03/2012,
Masstrax Music Net,MAS,,661395530,22/02/2012,
MCA Music Publishing,MU,,339622745,27/10/1999,30/03/2001
MCPS,44,United Kingdom,,,
Mcs Italia Ltd,MCS,,514177665,04/01/2010,
MCS MUSIC LIMITED,MCS,,405912183,13/11/2007,
MCSC,119,China,,,
MCSK,43,Kenya,,,
MCSN,22,Nigeria,,,
MCT,126,Thailand,,,
Me Gusta 30 Music,MGM,,647694891,15/05/2017,
Me Gusta Blue Music,MGM,,802257565,15/05/2017,
Me Gusta Green Music,MGM,,802264178,15/05/2017,
Me Gusta Music,MGM,,741485535,15/05/2017,
Me Gusta Red Music,MGM,,796837761,15/05/2017,
MEDIAN MUSIC INTERNATIONAL,MNF,,575605038,06/01/2009,
MEDIAN MUZIK EDISYON LIMITED SIRKETI,MND,,575604531,06/01/2009,
Megatrax Music,MT,,186762429,19/04/2011,
MEMORY LANE MUSIC CORP,MLG,,20440541,07/08/2014,
MEMORY LANE MUSIC LTD,MLG,,46880066,07/08/2014,
MESAM,117,Turkey,,,
Mike Curb Music,MCM,,72077386,12/12/2014,
MISASIA,307,Singapore,,,
Missing Link Music Llc,MLM,,257809238,25/04/2013,
Misty Music Ab,MIS,,205767860,12/02/2013,
Mmghq Ltd.,MMG,,678883861,02/10/2013,
MONCUR STREET MUSIC LTD,MO,,267196827,27/04/2004,
Mondiamusic,MON,,21202261,08/04/2013,
MONKEYFACTORY,PIG,,487180231,03/05/2007,
More Me Gusta Music,MGM,,653166544,15/05/2017,
Motus Music Limited,MOT,,833218453,01/06/2017,
Mpl Communications Ltd,MPL,,47821473,02/07/2013,
MRS,46,United Kingdom,,,
MSG,195,Turkey,,,
Msi Music Administration,MSI,,128852164,14/03/2012,
Msi Music Administration,MSI,,642570551,22/04/2011,14/03/2012
Mummy Dust Music Ltd,MDM,,85379634,09/12/2016,
MUSHROOM MUSIC PTY LTD,MSH,,71904874,31/08/2007,
Music And Images Gmbh,MI,,580093355,27/05/2010,
Music By Tafari Inc,MBT,,532770850,07/09/2011,
Music Of The Mothership,MOM,,709648806,05/06/2017,
Music Sales Corporation / Embassy,MS,,61094890,25/08/1999,
Music Sales LTD,ML,,133347789,16/04/2003,
Musicallstars Bv,MA,,277979684,10/03/2014,
MUSICAUTOR,39,Bulgaria,,,
Musicdirector Bv,MD,,209313888,01/01/2015,
MUSIKEDITION,196,Austria,,,
Musinfo Les Editions,MSO,,133207121,10/04/2015,
Musiqware Ltd,MWL,,588436204,26/06/2012,
MUST,161,Taiwan (Province Of China),,,
Mute Song,MUS,,162172689,04/08/2005,
Muziekuitgeverij Chrijoe,MCH,,621922173,16/03/2017,
Muzikal Productions Entertainment Volkan Guecer,MZK,,623497339,25/08/2011,
Mymusicrights Publishing,MYM,,610808573,01/02/2012,
Nada Music Gmbh,NMG,,52254306,18/03/2014,
Nanada B V,NAN,,217651966,22/10/2015,
NASCAM,102,Namibia,,,
Native Tongue Music Publishing,NTM,,161238688,15/11/2012,
NCB,48,Scandinavia,,,
NETTWERK MUSIC PUBLISHING (CA),NET,,270307395,22/10/2008,
NETTWERK ONE MUSIC CANADA LTD,NET,,482305660,22/10/2008,
NETTWERK SONGS PUBLISHING LTD,NET,,442773058,22/10/2008,
New Thunder Music Co,WWM,,35541597,18/11/2015,
Next Era,ERA,,587391699,31/07/2015,
Nikolaos Oikonomou Protasis Music Publishing,PRO,,810431390,02/03/2017,
NMPA,197,United States,,,
No Copyright Music,NCM,,840798998,03/05/2017,
NORD-DOC,303,Sweden,,,
Nordton Edition,NOR,,267537240,22/06/2011,
NS,99,,,,
Nuovi Media & Comunicazione Srl,NMC,,702394463,41985,
Nw Collections,NWC,,724721356,19/02/2014,
Ole (Scandinavia),OL,,708252356,31/07/2013,
Ole (Uk),OL,,709413941,31/07/2013,
OLE MEDIA MANAGEMENT LP,OL,,468068424,01/08/2006,
OMDA,33,Madagascar,,,
ONDA,49,Algeria,,,
OSA,50,Czech Republic,,,
OTPDA,82,Tunisia,,,
Outgivery,OUT,,442145094,03/11/2015,
PAPA'S MUSIC BV,HKM,,11106359,16/11/2016,
Papi Capi Holland Publishing,PAP,,668552898,31/07/2015,
PAPPRI,198,Indonesia,,,
Paul Rodriguez Music Ltd,PRM,,162326785,07/07/2015,
Paulina Golba Music,PGM,,772268517,24/11/2015,
Peer,PR,,133201531,29/09/1999,
Peer Edizioni Musicali S R L,PR,,14892187,04/01/2010,
Peerinternational,PR,,133201531,23/10/2013,
Peermusic (Germany) Gmbh,PR,,273956526,17/05/2010,
PEERMUSIC (UK) LTD.,PR,,162536085,12/06/2002,
Pelikan Muzik Yay Org Danis Dis Tic,PLK,,452163183,14/10/2008,
Pelikan Muzik-Mmg Turk Yayimcilik,PLK,,529936019,14/10/2008,
Pen Music Group Inc,PEN,,273537257,11/01/2013,
"PEN Music Group, Inc. ",PM,,337044577,01/08/2001,01/11/2013
Pennies From Heaven Bv,PFH,,224572775,17/03/2015,
Pentagon Lipservices,PLS,,23857775,20/06/2013,
Perfect Songs Ltd,PER,,51478971,08/10/2013,
Picture Lock Music Library Limited,PLM,,682026648,31/01/2013,
Pigfactory Continental Ltd,PFC,,521555964,03/05/2007,
PIGFACTORY CONTINENTAL LTD,PIG,,521555964,26/02/2009,
PIGFACTORY USA LLC,PIG,,488291213,03/05/2007,
PIGS RIOT PUBLISHING,PIG,,512575663,03/05/2007,
Pink Floyd Music Publishers LTD,PFM,,71257292,17/10/2014,
Polygram,PG,,128187466,,
Polygram Canada,PC,,211392603,,
Position Music Publishing,POS,,346955132,25/09/2013,
Preludio S R L,PRL,,512334398,18/04/2016,
Premier Ascap Tracks,PTR,,349775116,16/10/2009,
Premiumbeat Uk,PBM,,722712075,11/08/2014,
Prime Time Productions LTD,PT,,145586061,18/05/2000,
PROCAN,53,Canada,,,
PROLITTERIS,51,Switzerland,,,
Proof Songs Ltd,PSL,,471871534,21/02/2006,
PRS,52,United Kingdom,,,
Pump audio publishing,PU,,349416838,16/01/2006,
Quarrington Worthy Music,CBE,,88396617,19/05/2015,
Radio-Tele-Music-Belgie- Nederland,RAD,,25217120,20/06/2016,
Raleigh Music Publishing Llc,RAL,,799825459,19/04/2016,
Ram Island Songs,RIS,,476532238,26/08/2010,
Ram Island Songs,SON,,476532238,02/11/2011,
RAO,94,Russia,,,
Razor And Tie Music Publishing,RAT,,238650263,28/09/2011,
Reach Global (Uk) Limited,RG,,418408169,17/05/2010,
Reach Music Publishing Inc.,RMP,,631558646,22/01/2013,
Rebel Music Publishing,REB,,547269717,05/11/2015,
Red Brick Music Publishing,RED,,677542604,12/06/2012,
Red Igloo Music,RIM,,451367657,23/05/2017,
Red Smoke B.V.,RES,,819146430,29/11/2016,
Reel Muzik Werks Scandinavia,RMW,,557026549,29/04/2010,
Reel Muzik Werks Uk,RMW,,559359109,29/04/2010,
Reformation Publishing Co Ltd,REF,,47807071,29/06/2012,
Reliable Source Music Limited,REL,,269721142,23/05/2012,
Reservoir Media Management Inc,RMM,,585140447,04/05/2011,
Reservoir Media Music,RMM,,547043753,19/03/2013,
Reverb 2 Music LTD,RTM,,401593682,16/04/2003,
REVERB MUSIC,RM,,162297367,13/05/2003,
Reverb Music Ltd,RML,,162297367,24/05/2013,
Rhythmic Skeleton Music,RHY,,498059502,03/11/2015,
Ricordi E C Spa,BRM,,578365994,04/01/2010,
Rmw Songs,RMW,,574615824,29/04/2010,
Roba Music Verlag Gmbh,RO,,68384445,17/05/2010,
Rolf Budde Musikverlag Gmbh,BUD,,249626636,04/10/2010,
ROMS,228,Russian Federation,,,
Rossio Music Publishing Lda,ROS,,572132960,04/07/2011,
Round Hill Works,RHM,,645971216,10/08/2016,
Routenote Limited,RNL,,730576446,19/02/2014,
Royal Flame Music Gmbh,104,,585500247,21/08/2015,
Ruminating Music,WIX,,719510938,17/03/2015,
RUPIS,160,Belarus,,,
S A T V Publishing Ltd,STV,,135766360,19/03/2013,
SABAM,55,Belgium,,,
SABEM,199,Brazil,,,
SACD,56,France,,,
SACEM,58,France,,,
SACEMLUXEMBOURG,233,Luxembourg,,,
SACENC,235,France,,,
SACERAU,57,Egypt,,,
SACK,200,Korea Republic Of,,,
SACM,59,Mexico,,,
SACVEN,60,Venezuela,,,
SADA,131,Greece,,,
SADAIC,61,Argentina,,,
SADEMBRA,62,Brazil,,,
SADH,135,Greece,,,
SAIF,225,France,,,
SAMRO,63,South Africa,,,
SANCTUARY MUSIC PUBLISHING LIMITED,SM,,289941012,09/08/2004,
SAREGAMA PLC,SGM,,291934146,16/06/2003,
SARRAL,81,South Africa,,,
SARTEC,201,Canada,,,
SAS,202,Georgia,,,
Sauter Dr Musikverlag Gmbh,DRS,,494997866,09/08/2011,
Savile Row Publishing Bv,SRP,,820063091,29/11/2016,
SAYCE,65,Ecuador,,,
SAYCO,84,Columbia,,,
SAZAS,112,Slovenia,,,
SBACEM,66,Brazil,,,
SBAT,67,Brazil,,,
SCAM,73,France,,,
Scandinavian Songs Ab,SCS,,138375361,31/05/2011,
SCD,29,Chile,,,
Schacht Music U S Inc,SLM,,199123447,,
Schedler Music Publishing Usa,SMU,,765256712,05/03/2015,
Schedler Rudi Musikverlag Gmbh,RSM,,469343818,12/03/2012,
SCHOTT MUSIC CORPORATION,SH,,67933052,26/01/2009,
Schubert Andreas Musikverlag,SMP,,585957483,04/01/2010,
Schubert Music Europe GmbH,SMP,,691781309,24/11/2014,
Schubert Music Publishing,SMP,,492408541,04/01/2010,
Schubert Music Publishing,SMP,,677646884,24/06/2013,
Schubert Music Publishing Eood,SMP,,473519929,04/01/2010,
Schubert Music Publishing Gmbh,SMP,,634780238,17/07/2012,
Schubert Music Publishing Kft,SMP,,438038065,04/01/2010,
Schubert Music Publishing Limited,SMP,,681226448,01/10/2012,
Schubert Music Publishing S L,SMP,,671417838,24/06/2013,
Schubert Music Publishing S R O,SMP,,468225537,04/01/2010,
Schubert Music Publishing Sp Z OO,SMP,,433259466,04/01/2010,
Schwartz And Sons,SAS,,738397890,03/11/2015,
SCION ARCTIC MUSIC,MLG,,594587882,07/08/2014,
SCION FIVE MUSIC,MLG,,582114857,07/08/2014,
SCION FOUR MUSIC LLC,MLG,,497041046,07/08/2014,
SCION NORTH MUSIC LLC,MLG,,583616820,07/08/2014,
SCION THREE MUSIC LLC,MLG,,496828394,07/08/2014,
Scorpio Music,SC1,,9516199,16/11/2016,
SDRM (SDRM should no longer be used. Please use SACEM 058 instead),68,France,,,
Seed Point Music Publishing Ltd,SP,,716120580,30/01/2014,
Sentric Music Limited,SEN,,509030978,22/02/2012,
Sentric Music Net,SMN,,583279219,22/02/2012,
SESAC,71,USA,,,
SESAM,203,France,,,
SFF,204,Sweden,,,
SGA,205,Guinea- Bissau,,,
SGACEDOM,227,Dominican Republic,,,
SGAE,72,Spain,,,
SGDL,206,France,,,
Shapiro Bernstein & Co Limited,SBI,,467521050,04/10/2010,
Shapiro Bernstein And Co Inc,SBI,,495559103,04/10/2010,
Shapiro Bernstein Holland,SBI,,608871623,04/10/2010,
Shapiro Bernstein Scandinavia,SBI,,513170200,04/10/2010,
Shapiro Bernstein Spain,SBI,,515295456,04/10/2010,
Sharandall Music,WIX,,682837700,17/03/2015,
SHOUT PUBLISHING,HSP,,289485009,03/03/2008,
Shout! Music Publishing Uk,HSP,,664566511,04/03/2015,
SIAE,74,Italy,,,
SICAM,86,Brazil,,,
Sidem Editions,SIM,,28615189,08/04/2013,
Sidomusic B Liechti Et Cie,SID,,436491642,06/07/2010,
Sikorski Hans Musikverlag Gmbh- Co,SIK,,72592662,29/03/2012,
Silva Screen Music (Publishers) Ltd,SIL,,162084880,13/04/2017,
Sirens Music Publishing Andrea Vitz,SAV,,551943933,11/11/2010,
SLPRS,134,Sri Lanka,,,
Sm Publishing (Italy) Srl,SA,,574052259,04/01/2010,
SMALL STONE MEDIA,SSM,,529240264,03/06/2008,
Smv Schacht Musikverlage Gmbh&CoKg,SMV,,543495143,15/03/2011,
SNAC,207,France,,,
Sneakerz Muzik,SNZ,,530166878,07/10/2015,
So Essential Tunes,EMP,,774947092,18/09/2015,
Sob Audio Imaging Bv,SOB,,527186247,03/11/2015,
SOBODAYCOM,129,Bolivia,,,
SOCAN,101,Canada,,,
SOCIETE DE L’IMAGE,208,France,,,
SOCINADA,92,Cameroon Rep,,,
SOCINPRO,209,Brazil,,,
SODART,210,Canada,,,
SODRAC,20,Canada,,,
SOFAM,137,Belgium,,,
SOGEM,70,Mexico,,,
Soho Production Music,SOH,,657914114,12/01/2012,
SOKOJ,64,Yugoslavia,,,
SOMAAP,155,Mexico,,,
SOMAS,224,Mozambiqu e,,,
SONECA,83,Zaire,,,
SONGCODE,304,United States,,,
Songs For Beans,SFB,,485941510,01/11/2011,
Songs in the House of Hassle,HOH,,535181463,20/11/2013,
Songs Music Publishing (Uk) Ltd,SFB,,730887032,07/03/2014,
Songs Music Publishing Llc,SFB,,540081981,07/03/2014,
Songs Of Global Entertainment,GTP,,769330121,23/11/2015,
SONGS OF IMAGEM MUSIC,IMA,,576859189,28/06/2012,
Songs Of Mam,MAM,,503733676,23/10/20123,
SONGS OF RAZOR AND TIE,RT,,491871912,22/08/2008,
Songs Of Red Bull,RBM,,705296640,41246,
Songs Of The Blomerati,AMP,,613824363,17/12/2012,
Songtrust Ave,STM,,613926842,06/10/2011,
Songtrust Blvd,STM,,615755145,16/11/2011,
Songtrust Slalom,STM,,677336018,01/08/2012,
Sonoton Music Gmbh Co Kg,SOM,,276314560,10/04/2013,
Sony/ATV Music Publishing LLC,SA,,269021863,27/08/2003,
SOPE,211,Greece,,,
Soundgram,SGR,,644821933,21/07/2015,
Sounds Like Publishing Bv,SLP,,648549304,29/03/2012,
Sounds Like Publishing Limited,SLP,,734687704,12/03/2014,
Sovereign Citizens,SOV,,810978916,16/11/2016,
Sovereign Nation Music,SOV,,816335151,16/11/2016,
Sovereign Society,SOV,,815372346,16/11/2016,
SOZA,85,Slovakia,,,
SPA,69,Portugal,,,
SPAC,146,Panama,,,
SPACEMF,87,French Polynesia,,,
SPACQ,212,Canada,,,
Spencer Jack Music,RMW,,540064784,29/04/2010,
Spirit Music Publishing Holland,SPM,,675920806,08/10/2012,
Spirit Music Publishing Limited,SPI,,490004879,04/05/2011,
Spirit One Music,SPI,,186522259,19/04/2011,
Spirit Services Holdings S A R L,SPM,,528001195,04/09/2015,
SQN,213,Bosnia And Herzegovina,,,
SSA,91,Switzerland,,,
St Music Llc,STM,,673337823,01/08/2012,
STATE ONE MUSIC PUBLISHING,ST,,531500698,01/04/2009,
State One Musikverlag Gmbh,ST,,536305369,17/05/2010,
STEF,77,Iceland,,,
STEMRA,78,Netherlands,,,
Stiggy Music And Management Ab,STG,,435870345,20/08/2012,
STIM,79,Sweden,,,
Stock Music International,STO,,405127890,04/08/2010,
Strange Fruit Music Publishing,SFM,,574193235,23/05/2017,
Strengholt Artmedia S A,SMG,,85005297,19/11/2010,
Strengholt Music Publishing Belgium,SMG,,423846750,19/11/2010,
Strengholt Music Publishing Bv,SMG,,289590505,19/11/2010,
Strengholt Music Publishing Canada,SMG,,617829422,19/11/2010,
Strengholt Music Publishing Uk Ltd,SMG,,622056482,19/11/2010,
Strengholt Music Publishing Usa,SMG,,610719963,19/11/2010,
Strengholt Musikverlag Gmbh,SMG,,508362657,19/11/2010,
Strictly Confidential,STR,,286659605,06/07/2007,
Strictly Confidential (Germany) Gmbh,STR,,287229827,25/04/2013,
STRICTLY CONFIDENTIAL (UK) LTD,STR,,293035666,05/02/2007,
Strictly Confidential France,STR,,148563746,16/11/2016,
Strictly Confidential Suisse,STR,,457849895,08/04/2013,
Sugar House Publishing,SUH,,578532904,01/02/2016,
Sugar-Melodi Inc,SUG,,46033114,28/02/2012,
Sugarmusic,SUM,,52988936,08/04/2013,
SUISA,80,Switzerland,,,
SUISSIMAGE,75,Switzerland,,,
SUOMEN KIRJAILIJALIITTO,214,Finland,,,
Super Cassettes Industries Ltd,SCI,,439636231,05/03/2015,
T J Musicservice Gmbh,TJM,,293581731,05/02/2010,
Talpa Music Bv,TM,,490200587,30/11/2009,
TEATERAUTOR,143,Bulgaria,,,
Tenyor Music,TRN,,263286262,11/07/2011,
TEOSTO,89,Finland,,,
THE AUTHOR'S REGISTRY INC.,215,United States,,,
The Back Office,TBO,,711806859,23/03/2016,
The Bicycle Music Company,BM,,533895718,19/04/2011,
The Chief Music Publishing,TCP,,827649796,13/01/2017,
THE ENTERTAINMENT GROUP BV,TEG,,466550145,23/04/2008,
THE EXTREME MUSIC LIBRARY LTD,EXT,,500879361,01/11/2006,
The Funky Junkies Music Company Ltd,TFJ,,599505005,02/09/2014,
THE INTERNATIONAL MUSIC NETWORK LTD,IG,,162091983,07/08/2009,
The Missing Synch,TMS,,503270300,21/04/2017,
The Right People,TRP,,694738979,04/09/2014,
THE SOCIETY OF AUTHORS,216,United Kingdom,,,
These Are Songs Of Pulse,PPA,,739228421,19/05/2014,
Third Side America,TSM,,556778200,09/03/2011,
Third Side Music Inc,TSM,,487842108,06/07/2010,
Third Side Us Publishing,TSM,,556598695,09/03/2011,
ALL RECIPIENTS,ALL,,,,
TONO,90,Norway,,,
Toolroom Publishing Limited,TPL,,4590782614,28/01/2015,
Tousensemble Publishing,TEP,,811299836,05/12/2016,
Truelove Music,TLM,,179000189,18/05/2012,
Truelove Music Scandinavia,TLM,,610948650,18/05/2012,
Tunecore Digital Music,TUN,,642005099,22/06/2011,
Two One Five Music,TOF,,349784115,17/03/2005,
UACRR,140,Ukraine,,,
UBC,93,Brazil,,,
UCMR-ADA,115,Romania,,,
UCOSO,234,Uganda,,,
UFFICIO LEGALE,217,Holy See (Vatican City State),,,
Ultra Empire Music,ULT,,425536365,19/04/2011,
Ultra Tunes,UT,,532002022,16/09/2009,
Unimusica Inc.,UM,,125049989,,30/03/2001
"Universal - Musica Unica, Inc. ",UN,,353559739,30/03/2001,10/02/2006
"Universal - PolyGram Int. Publ., Inc. ",PG,,343892736,30/03/2001,10/02/2006
Universal Music Corp.,MU,,31312147,30/03/2001,10/02/2006
Universal Music Publishing,UN,,31312147,27/10/1999,
UNIVERSAL MUSIC PUBLISHING INTERNATIONAL LTD,MG,,282431573,31/08/2007,
Universal Music Publishing Ricordi Srl,UN,,547691219,04/01/2010,
"Universal Musica, Inc. ",UM,,344554265,30/03/2001,
Universal Muzik Taksim Edisyon AS,UMT,,581490534,06/07/2010,
UPRIGHT MUSIC APS,UPR,,285637331,08/07/2016,
VAGA,156,USA,,,
Van Mccoy Music Inc,VAN,,79613056,13/10/2015,
Vander Music Inc,VM,,85730363,31/08/2003,
VBK,157,Austria,,,
VDFS,121,Austria,,,
VEGAP,158,Spain,,,
Velocity Future Collections,VFC,,709032074,04/07/2016,
Velvet Apple Music,VAM,,1219936,04/02/2015,
VEVAM,218,Netherlands,,,
VG WORT,95,German,,,
VISCOPY,159,Australia,,,
W B MUSIC CORP,WB,,58855632,22/04/2002,
Walt Disney Music (Usa) Co,WD,,219803468,19/04/2011,
Want A Fresh One Music,BRE,,538838017,18/03/2013,
Wardlaw Banks Ltd,WBX,,497889753,21/12/2010,
Warner Bros Music,WB,,76448253,21/07/2000,
Warner Chappell Music It Na S R L,WB,,221851397,04/01/2010,
Warner/Chappell Music Publishing Limited,WB,,285606836,19/08/2013,
Warp Music Limited,WAR,,507787326,26/02/2009,
Waves Of Pacifica Music,PAC,,594085322,28/10/2009,
WEST ONE MUSIC LIMITED,WOM,,428434750,03/07/2009,
WESTBURY MUSIC LTD,WML,,144443097,02/08/2006,
WGA,219,United States,,,
WGJ,220,Japan,,,
WID CENTRE,300,United States,,,
Windswept Pacific,WP,,353570366,,
Wintrup Musikverlage Walter Holzbaur,WIN,,76454163,29/02/2012,
"Wixen Music Publishing, Inc. ",WIX,,229993322,17/03/2015,
Wixen Music Uk Ltd,WIX,,624590643,17/03/2015,
Words And Music Uk,WAM,,757971682,24/03/2015,
Words And Music Worldwide,WAM,,794339005,07/06/2017,
Works Of Wonderlous,WND,,646052652,23/04/2014,
Yell Music Limited,YL,,4481201291,28/01/2015,
ZAIKS,97,Poland,,,
ZAMCOPS,133,Zambia,,,
ZAMP,136,Macedonia,,,
ZAMP,221,Slovenia,,,
ZAPA,222,Poland,,,
Zavitson Music,MPW,,452659536,22/04/2014,
ZIMRA,98,Zimbabwe,,,
Zmp Nordic,ZMP,,647283033,05/04/2013,
Zodiak Music Publishing,ZMP,,638402157,05/04/2013,
Zomba Music Publishing,ZB,,58336956,,
Zyx Uk Publishing Limited,ZYX,,673827312,20/12/2013,